StationName	StationNumber	FileName	ViewName	UpSideAlarmName	UpSideAlarmType	DownSideAlarmName	DownSideAlarmType	DirectionAlarmName	DirectionAlarmType
äŸïlâw	TH76	TH76_Tatehama_UIList	TH76_äŸïlâw_UIList	bz_310Hz	Long	bz_610Hz	Short	bz_310Hz	Long
ãÓñÏâw	TH75	TH75_Komano_UIList	TH75_ãÓñÏâw_UIList	bz_410Hz	Long	bz_730Hz	Short	bz_310Hz	Long
í√çËâw	TH71	TH71_Tsuzaki_UIList	TH71_í√çËâw_UIList	bz_510Hz	Long	bz_830Hz	Short	bz_310Hz	Long
ïlâÄâw	TH70	TH70_Hamazono_UIList	TH70_ïlâÄâw_UIList	bz_310Hz	Long	bz_610Hz	Short	bz_310Hz	Long
êVñÏçËâw	TH67	TH67_Shin-Nozaki_UIList	TH67_êVñÏçËâw_UIList	bz_410Hz	Long	bz_730Hz	Short	bz_310Hz	Long
ç]Émå¥åüé‘ãÊï\é¶î’	TH66S	TH66S_Enohara-Inspection-Indicater_UIList	TH66S_ç]Émå¥åüé‘ãÊï\é¶î’_UIList	bz_510Hz	Long	bz_830Hz	Short	bz_310Hz	Long
ç]Émå¥åüé‘ãÊëÄçÏî’	TH66S	TH66S_Enohara-Inspection-Switchboard_UIList	TH66S_ç]Émå¥åüé‘ãÊëÄçÏî’_UIList						
ëÂìπéõâw	TH65	TH65_Daidoji_UIList	TH65_ëÂìπéõâw_UIList	bz_310Hz	Long	bz_610Hz	Short	bz_530Hz	Long
ì°ç]âw	TH64	TH64_Fujie_UIList	TH64_ì°ç]âw_UIList	bz_410Hz	Long	bz_730Hz	Short	bz_630Hz	Long
êÖâzâw	TH63	TH63_Mizukoshi_UIList	TH63_êÖâzâw_UIList	bz_510Hz	Long	bz_830Hz	Short	bz_750Hz	Long
çÇå©ëÚâw	TH62	TH62_Takamizawa_UIList	TH62_çÇå©ëÚâw_UIList	bz_310Hz	Long	bz_610Hz	Short	bz_530Hz	Long
ì˙ñÏêXâw	TH61	TH61_Hinomori_UIList	TH61_ì˙ñÏêXâw_UIList	bz_410Hz	Long	bz_730Hz	Short	bz_630Hz	Long
êºê‘éRâw	TH59	TH59_Nishi-Akayama_UIList	TH59_êºê‘éRâw_UIList	bz_510Hz	Long	bz_830Hz	Short	bz_750Hz	Long
ê‘éRí¨âw	TH58	TH58_Akayamacho_UIList	TH58_ê‘éRí¨âw_UIList	bz_310Hz	Long	bz_610Hz	Short	bz_530Hz	Long
									
									
									
									
									
									
									
									
									
									
									
									
									
									
									
									
									
									
									
									
									
									
									
									
									
									
									
									
									
									
									
									
									
									
									
									
									
									
									
									
									
									
									
									
									
									
									
									
									
									
									
									
									
									
									
									
									
									
									
									
									
									
									
									
									
									
									
									
									
									
									
									
									
									
									
									
									
									
									
									
									
									
									
									
									
									
									
									
									
									
									
									
									
									
									
									
									
									
									
									
									
									
									
									
									
									
									
									
									
									
									
									
									
									
									
									
									
									
									
									
									
									
									
									
									
									
									
									
									
									
									
									
									
									
									
									
									
									
									
									
									
									
									
									
									
									
									
									
									
									
									
									
									
									
									
									
									
									
									
									
									
									
									
									
									
									
									
									
									
									
									
									
									
									
									
									
									
									
									
									
									
									
									
									
									
									
									
									
									
									
									
									
									
									
									
									
									
									
									
									
									
									
									
									
									
									
									
									
									
									
									
									
									
									
									
									
									
									
									
									
									
									
									
									
									
									
									
									
									
									
									
									
									
									
									
									
									
									
									
									
									
									
									
									
									
									
									
									
									
									
									
									
									
									
									
									
									
									
									
									
									
									
									
									
									
									
									
									
									
									
									
									
									
									
									
									
									
									
									
									
									
									
									
									
									
									
									
									
									
									
									
									
									
									
									
									
									
									
									
									
									
									
									
									
									
									
									
									
									
									
									
									
									
									
									
									
									
									
									
									
									
									
									
									
									
									
									
									
									
									
									
									
									
									
									
									
									
									
									
									
									
									
									
									
									
									
									
									
									
									
									
									
									
									
									
									
									
									
									
									
									
									
									
									
									
									
									
									
									
									
									
									
									
									
									
									
									
									
									
									
									
									
									
									
									
									
									
									
									
									
									
									
									
									
									
									
									
									
									
									
									
									
									
									
									
									
									
									
									
									
									
									
									
									
									
									
									
									
									
									
									
									
									
									
									
									
									
									
									
									
									
									
									
									
									
									
									
									
									
									
									
									
									
									
									
									
									
									
									
									
									
									
									
									
									
									
									
									
									
									
									
									
									
									
									
									
									
									
									
									
									
									
									
									
									
									
									
									
									
									
									
									
									
									
									
									
									
									
									
									
									
									
									
									
									
									
									
									
									
									
									
									
									
									
									
									
									
									
									
									
									
									
									
									
									
									
									
									
									
									
									
									
									
									
									
									
									
									
									
									
									
									
									
									
									
									
									
									
									
									
									
									
									
									
									
									
									
									
									
									
									
									
									
									
									
									
									
									
									
									
									
									
									
									
									
									
									
									
									
									
									
									
									
									
									
									
									
									
									
									
									
									
									
									
									
									
									
									
									
									
									
									
									
									
									
									
									
									
									
									
									
									
									
									
									
									
									
									
									
									
									
									
									
									
									
									
									
									
									
									
									
									
									
									
									
									
									
									
									
									
									
									
									
									
									
									
									
									
									
									
									
									
									
									
									
									
									
									
									
									
									
									
									
									
									
									
									
									
									
									
									
									
									
									
									
									
									
									
									
									
									
									
									
									
									
									
									
									
									
									
									
									
									
									
									
									
									
									
									
									
									
									
									
									
									
									
									
									
									
									
									
									
									
									
									
									
									
									
									
									
									
									
									
									
									
									
									
									
									
									
									
									
									
									
									
									
									
									
									
									
									
									
									
									
									
									
									
									
									
									
									
									
									
									
									
									
									
									
									
									
									
									
									
									
									
									
									
									
									
									
									
									
									
									
									
									
									
									
									
									
									
									
									
									
									
									
									
									
									
									
									
									
									
									
									
									
									
									
									
									
									
									
									
									
									
									
									
									
									
									
									
									
									
									
									
									
									
									
									
									
									
									
									
									
									
									
									
									
									
									
									
									
									
									
									
									
									
									
									
									
									
									
									
									
									
									
									
									
									
									
									
									
									
									
									
									
									
									
									
									
									
									
									
									
									
									
									
									
									
									
									
									
									
									
									
									
									
									
									
									
									
									
									
									
									
									
									
									
									
									
									
									
									
									
									
									
									
									
									
									
									
									
									
									
									
									
									
									
									
									
									
									
									
									
									
									
									
									
									
									
									
									
									
									
									
									
									
									
									
									
									
									
									
									
									
									
									
									
									
									
									
									
									
									
									
									
									
									
									
									
									
									
									
									
									
									
									
									
									
									
									
									
									
									
									
									
									
									
									
									
									
									
									
									
									
									
									
									
									
									
									
									
									
									
									
									
									
									
									
									
									
									
									
									
									
